File_name,ram_percent,ram,flash,Code,RO_data,RW_data,ZI_data
lto-llvm-6cd09c.o,72.168701%,6742,72427,62862,9241,324,6418
startup_at32m412_416.o,27.403126%,2560,480,36,444,0,2560
mc_w.l,0.214087%,20,3154,3134,0,20,0
mvars.o,0.085635%,8,8,0,0,8,0
stdout.o,0.042817%,4,4,0,0,4,0
stderr.o,0.042817%,4,4,0,0,4,0
errno.o,0.042817%,4,16,12,0,4,0
